T/F,CP,CN,choice_depth,num_sat_clauses,lit,good_decision,majority_was_picked,CPxCN,sumCPCN,deltaC,maxCPCN
-1,0,4,3,10212,121,True,True,0,4,-630,4
1,4,3,2,10089,147,False,True,12,7,-630,4
-1,0,4,1,10110,136,True,True,0,4,-630,4
-1,0,4,7,10011,144,True,True,0,4,-630,4
-1,0,3,8,9717,221,True,True,0,3,-630,3
-1,0,4,10,9958,231,True,True,0,4,-630,4
-1,0,4,11,9809,231,True,True,0,4,-630,4
1,4,3,12,9871,243,True,True,12,7,-630,4
-1,0,3,15,9771,221,True,True,0,3,-630,3
-1,0,4,16,9848,231,True,True,0,4,-630,4
-1,0,4,17,9883,231,True,True,0,4,-630,4
-1,0,4,1,9498,115,True,True,0,4,-630,4
-1,0,2,2,9483,117,True,True,0,2,-630,2
1,4,3,4,10255,241,True,True,12,7,-630,4
1,4,3,7,10359,461,False,True,12,7,-630,4
-1,0,8,1,9555,114,True,True,0,8,-630,8
1,4,3,2,9704,142,True,True,12,7,-630,4
1,4,3,3,10218,243,True,True,12,7,-630,4
-1,0,6,1,9104,132,True,True,0,6,-630,6
1,4,3,3,9887,222,False,True,12,7,-630,4
-1,0,5,9,9795,147,True,True,0,5,-630,5
1,4,3,2,10356,144,False,True,12,7,-630,4
1,4,3,3,10367,132,True,True,12,7,-630,4
1,4,3,8,10084,276,False,True,12,7,-630,4
1,4,3,9,9997,253,True,True,12,7,-630,4
-1,0,5,1,9301,113,True,True,0,5,-630,5
-1,0,5,7,9673,223,True,True,0,5,-630,5
1,4,3,5,10104,237,True,True,12,7,-630,4
1,4,3,7,10034,233,True,True,12,7,-630,4
1,4,3,9,9691,126,True,True,12,7,-630,4
1,4,3,6,10101,141,True,True,12,7,-630,4
-1,0,3,1,9709,113,True,True,0,3,-630,3
-1,0,4,1,9435,111,True,True,0,4,-630,4
1,4,3,3,9997,135,True,True,12,7,-630,4
-1,0,6,2,9926,124,True,True,0,6,-630,6
-1,0,6,5,9987,134,True,True,0,6,-630,6
1,4,3,3,9422,126,True,True,12,7,-630,4
1,4,3,2,10202,121,True,True,12,7,-630,4
1,4,3,4,10225,142,False,True,12,7,-630,4
1,4,3,5,10383,341,False,True,12,7,-630,4
-1,0,4,1,9915,113,True,True,0,4,-630,4
1,4,3,2,9867,115,True,True,12,7,-630,4
1,4,3,2,10051,127,True,True,12,7,-630,4
1,4,3,4,10213,132,False,True,12,7,-630,4
-1,0,3,3,9836,132,True,True,0,3,-630,3
1,4,3,1,10119,142,True,True,12,7,-630,4
1,4,3,1,10003,211,True,True,12,7,-630,4
1,4,3,4,10371,126,True,True,12,7,-630,4
1,4,3,9,10150,245,True,True,12,7,-630,4
1,4,3,2,9678,218,False,True,12,7,-630,4
-1,0,5,2,9619,116,True,True,0,5,-630,5
1,4,3,1,10400,124,False,True,12,7,-630,4
1,4,3,2,10470,145,False,True,12,7,-630,4
-1,0,7,1,9546,111,True,True,0,7,-630,7
-1,0,7,2,9546,114,True,True,0,7,-630,7
-1,0,3,4,10040,146,True,True,0,3,-630,3
1,4,3,14,10427,216,False,True,12,7,-630,4
-1,0,3,6,10128,421,True,True,0,3,-630,3
-1,0,3,7,10111,422,True,True,0,3,-630,3
-1,0,5,1,9635,111,True,True,0,5,-630,5
1,4,3,7,10133,131,False,True,12,7,-630,4
1,4,3,4,9771,135,False,True,12,7,-630,4
1,4,3,3,10118,211,True,True,12,7,-630,4
1,4,3,2,10298,215,False,True,12,7,-630,4
-1,0,7,1,9740,111,True,True,0,7,-630,7
-1,0,2,1,9463,131,True,True,0,2,-630,2
-1,0,2,3,9711,151,True,True,0,2,-630,2
1,4,3,6,10138,217,True,True,12,7,-630,4
-1,0,2,7,9670,151,True,True,0,2,-630,2
1,4,3,4,9212,118,True,True,12,7,-630,4
1,4,3,3,9745,113,True,True,12,7,-630,4
1,4,3,1,9825,128,False,True,12,7,-630,4
1,4,3,1,10205,111,False,True,12,7,-630,4
1,4,3,2,10306,241,False,True,12,7,-630,4
1,4,3,1,9702,113,False,True,12,7,-630,4
-1,0,5,4,9399,117,True,True,0,5,-630,5
1,4,3,9,10076,226,False,True,12,7,-630,4
1,4,3,10,10256,243,True,True,12,7,-630,4
1,4,3,11,10349,444,True,True,12,7,-630,4
1,4,3,2,10096,118,True,True,12,7,-630,4
1,4,3,5,10287,174,False,True,12,7,-630,4
1,4,3,6,10234,176,False,True,12,7,-630,4
1,4,3,3,10055,116,True,True,12,7,-630,4
-1,0,6,4,10130,124,True,True,0,6,-630,6
1,4,3,2,10084,154,True,True,12,7,-630,4
-1,0,1,2,10424,415,True,True,0,1,-630,1
1,4,3,2,9777,127,True,True,12,7,-630,4
1,4,3,2,9905,125,True,True,12,7,-630,4
-1,0,4,1,9371,145,True,True,0,4,-630,4
1,4,3,2,10174,344,False,True,12,7,-630,4
1,4,3,3,10145,156,False,True,12,7,-630,4
1,4,3,4,10187,274,False,True,12,7,-630,4
-1,0,5,8,9585,116,True,True,0,5,-630,5
-1,0,5,1,9409,111,True,True,0,5,-630,5
-1,0,7,2,9404,115,True,True,0,7,-630,7
1,4,3,1,10312,241,False,True,12,7,-630,4
1,4,3,3,10386,138,True,True,12,7,-630,4
1,4,3,3,10282,174,False,True,12,7,-630,4
1,4,3,3,10125,174,False,True,12,7,-630,4
1,4,3,2,10214,134,True,True,12,7,-630,4
-1,0,5,2,9966,142,True,True,0,5,-630,5
1,4,3,3,9947,143,False,True,12,7,-630,4
-1,0,1,9,9832,142,True,True,0,1,-630,1
1,4,3,9,9696,143,False,True,12,7,-630,4
-1,0,4,3,9613,141,True,True,0,4,-630,4
-1,0,3,4,9605,142,True,True,0,3,-630,3
1,4,3,5,10196,183,False,True,12,7,-630,4
1,4,3,7,10146,346,False,True,12,7,-630,4
1,4,3,10,10277,346,False,True,12,7,-630,4
-1,0,6,2,9239,114,True,True,0,6,-630,6
-1,0,5,4,9316,134,True,True,0,5,-630,5
1,4,3,1,10299,126,True,True,12,7,-630,4
-1,0,3,9,9709,154,True,True,0,3,-630,3
1,4,3,12,10101,322,False,True,12,7,-630,4
-1,0,5,1,9221,111,True,True,0,5,-630,5
1,4,3,4,10448,123,False,True,12,7,-630,4
-1,0,5,1,9624,112,True,True,0,5,-630,5
-1,0,5,4,9635,116,True,True,0,5,-630,5
1,4,3,8,10107,171,False,True,12,7,-630,4
1,4,3,3,10254,375,True,True,12,7,-630,4
-1,0,5,1,9778,121,True,True,0,5,-630,5
-1,0,2,1,9922,111,True,True,0,2,-630,2
-1,0,4,4,10168,121,True,True,0,4,-630,4
-1,0,8,1,9651,111,True,True,0,8,-630,8
-1,0,9,2,9659,114,True,True,0,9,-630,9
1,4,3,3,9597,118,False,True,12,7,-630,4
1,4,3,9,10222,251,True,True,12,7,-630,4
-1,0,7,5,9638,125,True,True,0,7,-630,7
-1,0,9,2,9461,122,True,True,0,9,-630,9
-1,0,9,12,9533,132,True,True,0,9,-630,9
-1,0,7,2,9384,122,True,True,0,7,-630,7
-1,0,6,4,9384,124,True,True,0,6,-630,6
-1,0,2,6,9634,132,True,True,0,2,-630,2
-1,0,2,9,9553,132,True,True,0,2,-630,2
1,4,3,2,10360,315,True,True,12,7,-630,4
1,4,3,3,10444,412,True,True,12,7,-630,4
-1,0,4,2,9312,112,True,True,0,4,-630,4
-1,0,4,3,9322,113,True,True,0,4,-630,4
-1,0,7,2,9850,122,True,True,0,7,-630,7
-1,0,6,3,9845,123,True,True,0,6,-630,6
-1,0,2,1,9843,156,True,True,0,2,-630,2
1,4,3,1,10230,248,True,True,12,7,-630,4
1,4,3,2,9356,163,False,True,12,7,-630,4
1,4,3,8,9425,163,False,True,12,7,-630,4
1,4,3,8,9425,163,False,True,12,7,-630,4
1,4,3,3,10369,443,True,True,12,7,-630,4
1,4,3,4,10224,428,True,True,12,7,-630,4
1,4,3,1,10033,124,False,True,12,7,-630,4
1,4,3,1,10421,112,False,True,12,7,-630,4
1,4,3,8,10044,173,True,True,12,7,-630,4
1,4,3,10,10090,312,True,True,12,7,-630,4
1,4,3,7,10322,312,False,True,12,7,-630,4
1,4,3,1,10410,124,False,True,12,7,-630,4
1,4,3,9,10337,212,True,True,12,7,-630,4
1,4,3,3,10207,174,True,True,12,7,-630,4
1,4,3,4,10236,341,False,True,12,7,-630,4
1,4,3,11,10072,146,True,True,12,7,-630,4
-1,0,6,1,9535,132,True,True,0,6,-630,6
-1,0,1,1,9472,111,True,True,0,1,-630,1
-1,0,1,2,9474,112,True,True,0,1,-630,1
-1,0,5,10,9718,121,True,True,0,5,-630,5
1,4,3,9,10361,284,True,True,12,7,-630,4
-1,0,3,2,10030,155,True,True,0,3,-630,3
1,4,3,5,10376,435,False,True,12,7,-630,4
1,4,3,4,10107,182,True,True,12,7,-630,4
1,4,3,5,10004,141,False,True,12,7,-630,4
1,4,3,8,10164,243,False,True,12,7,-630,4
1,4,3,6,9887,124,True,True,12,7,-630,4
1,4,3,9,9767,124,True,True,12,7,-630,4
-1,0,3,2,10016,157,True,True,0,3,-630,3
1,4,3,4,10074,167,False,True,12,7,-630,4
1,4,3,1,10429,167,True,True,12,7,-630,4
1,4,3,1,9965,113,True,True,12,7,-630,4
1,4,3,7,10105,223,False,True,12,7,-630,4
-1,0,3,8,9942,123,True,True,0,3,-630,3
1,4,3,1,10292,158,True,True,12,7,-630,4
1,4,3,4,10298,186,False,True,12,7,-630,4
1,4,3,5,10338,272,False,True,12,7,-630,4
1,4,3,8,10027,275,True,True,12,7,-630,4
1,4,3,9,10070,288,True,True,12,7,-630,4
1,4,3,2,9740,117,True,True,12,7,-630,4
1,4,3,5,10116,351,True,True,12,7,-630,4
1,4,3,4,9661,154,True,True,12,7,-630,4
-1,0,6,1,9804,111,True,True,0,6,-630,6
1,4,3,1,10099,111,False,True,12,7,-630,4
1,4,3,7,9999,154,False,True,12,7,-630,4
1,4,3,8,10118,171,True,True,12,7,-630,4
1,4,3,9,10168,171,True,True,12,7,-630,4
1,4,3,20,9953,154,False,True,12,7,-630,4
1,4,3,20,10171,171,True,True,12,7,-630,4
-1,0,3,2,9629,125,True,True,0,3,-630,3
1,4,3,3,10283,173,True,True,12,7,-630,4
1,4,3,3,10265,218,False,True,12,7,-630,4
1,4,3,5,10226,224,True,True,12,7,-630,4
1,4,3,6,10395,413,False,True,12,7,-630,4
1,4,3,5,9862,278,False,True,12,7,-630,4
1,4,3,6,9905,284,False,True,12,7,-630,4
1,4,3,12,9851,278,False,True,12,7,-630,4
1,4,3,12,9895,284,False,True,12,7,-630,4
1,4,3,2,9975,147,False,True,12,7,-630,4
1,4,3,4,10291,174,False,True,12,7,-630,4
1,4,3,4,10221,174,False,True,12,7,-630,4
-1,0,2,2,10287,122,True,True,0,2,-630,2
1,4,3,4,10373,144,True,True,12,7,-630,4
-1,0,5,1,9611,111,True,True,0,5,-630,5
-1,0,6,3,9710,121,True,True,0,6,-630,6
-1,0,4,6,9798,131,True,True,0,4,-630,4
-1,0,6,9,9725,121,True,True,0,6,-630,6
-1,0,4,10,9806,131,True,True,0,4,-630,4
-1,0,6,2,9794,123,True,True,0,6,-630,6
-1,0,3,4,9857,224,True,True,0,3,-630,3
1,4,3,7,10039,241,False,True,12,7,-630,4
1,4,3,9,9934,241,False,True,12,7,-630,4
1,4,3,9,9986,241,False,True,12,7,-630,4
-1,0,3,10,9905,224,True,True,0,3,-630,3
1,4,3,10,10049,241,False,True,12,7,-630,4
1,4,3,10,10001,241,False,True,12,7,-630,4
-1,0,3,12,9912,224,True,True,0,3,-630,3
-1,0,2,13,9876,222,False,True,0,2,-630,2
-1,0,3,13,9909,224,True,True,0,3,-630,3
-1,0,3,17,9864,224,True,True,0,3,-630,3
1,4,3,17,10046,241,False,True,12,7,-630,4
1,4,3,17,9941,241,False,True,12,7,-630,4
1,4,3,17,9992,241,False,True,12,7,-630,4
-1,0,3,17,9912,224,True,True,0,3,-630,3
1,4,3,17,10056,241,False,True,12,7,-630,4
1,4,3,17,10009,241,False,True,12,7,-630,4
1,4,3,5,10180,152,False,True,12,7,-630,4
1,4,3,1,10249,175,False,True,12,7,-630,4
-1,0,2,2,10073,132,False,True,0,2,-630,2
1,4,3,4,10072,176,True,True,12,7,-630,4
1,4,3,6,10184,176,True,True,12,7,-630,4
1,4,3,11,10201,373,False,True,12,7,-630,4
1,4,3,11,10203,373,False,True,12,7,-630,4
1,4,3,11,10216,355,False,True,12,7,-630,4
1,4,3,11,10275,373,False,True,12,7,-630,4
1,4,3,5,10425,314,False,True,12,7,-630,4
1,4,3,11,10349,442,False,True,12,7,-630,4
1,4,3,11,10349,442,False,True,12,7,-630,4
1,4,3,13,10349,442,False,True,12,7,-630,4
1,4,3,13,10349,442,False,True,12,7,-630,4
1,4,3,3,9945,146,False,True,12,7,-630,4
1,4,3,6,10422,241,False,True,12,7,-630,4
1,4,3,9,10422,241,False,True,12,7,-630,4
1,4,3,5,10323,261,True,True,12,7,-630,4
1,4,3,7,10218,176,False,True,12,7,-630,4
1,4,3,1,10004,234,True,True,12,7,-630,4
-1,0,4,4,10210,412,True,True,0,4,-630,4
-1,0,7,5,10223,413,True,True,0,7,-630,7
1,4,3,6,10190,415,False,True,12,7,-630,4
-1,0,5,6,10180,412,True,True,0,5,-630,5
-1,0,7,6,10183,413,True,True,0,7,-630,7
1,4,3,6,10149,415,False,True,12,7,-630,4
-1,0,4,5,9989,175,True,True,0,4,-630,4
-1,0,2,6,9983,175,True,True,0,2,-630,2
1,4,3,8,10312,341,True,True,12,7,-630,4
1,4,3,2,10328,172,False,True,12,7,-630,4
1,4,3,3,10209,122,True,True,12,7,-630,4
-1,0,4,1,10143,112,True,True,0,4,-630,4
-1,0,3,3,10210,132,True,True,0,3,-630,3
1,4,3,1,10347,151,True,True,12,7,-630,4
1,4,3,2,10149,153,False,True,12,7,-630,4
1,4,3,3,10284,177,True,True,12,7,-630,4
1,4,3,3,10234,177,True,True,12,7,-630,4
1,4,3,4,10283,185,True,True,12,7,-630,4
1,4,3,5,10110,145,False,True,12,7,-630,4
1,4,3,8,10098,152,True,True,12,7,-630,4
-1,0,4,3,10066,221,True,True,0,4,-630,4
-1,0,4,5,10102,231,True,True,0,4,-630,4
-1,0,4,8,9968,221,True,True,0,4,-630,4
-1,0,4,8,10007,231,True,True,0,4,-630,4
1,4,3,2,10123,121,True,True,12,7,-630,4
-1,0,7,2,9557,113,True,True,0,7,-630,7
-1,0,3,3,9512,114,True,True,0,3,-630,3
-1,0,5,5,9693,123,True,True,0,5,-630,5
1,4,3,9,10031,244,False,True,12,7,-630,4
1,4,3,10,10101,271,True,True,12,7,-630,4
1,4,3,1,10338,113,False,True,12,7,-630,4
-1,0,7,7,9774,121,True,True,0,7,-630,7
-1,0,6,1,10070,132,True,True,0,6,-630,6
1,4,3,1,10267,111,False,True,12,7,-630,4
1,4,3,2,10414,241,False,True,12,7,-630,4
-1,0,5,2,9645,143,True,True,0,5,-630,5
-1,0,4,3,9853,127,False,True,0,4,-630,4
-1,0,5,4,9865,128,True,True,0,5,-630,5
-1,0,3,5,9877,137,True,True,0,3,-630,3
-1,0,5,10,9902,123,True,True,0,5,-630,5
-1,0,4,1,9567,115,True,True,0,4,-630,4
-1,0,6,6,9969,141,True,True,0,6,-630,6
-1,0,4,7,9892,142,True,True,0,4,-630,4
-1,0,4,3,9711,134,True,True,0,4,-630,4
-1,0,4,5,9549,114,True,True,0,4,-630,4
-1,0,3,4,10125,227,True,True,0,3,-630,3
1,4,3,6,10106,162,True,True,12,7,-630,4
1,4,3,9,9954,162,True,True,12,7,-630,4
-1,0,5,10,10050,222,True,True,0,5,-630,5
1,4,3,12,10322,312,False,True,12,7,-630,4
1,4,3,15,10113,275,True,True,12,7,-630,4
1,4,3,16,10164,282,True,True,12,7,-630,4
1,4,3,16,10259,312,False,True,12,7,-630,4
-1,0,3,4,9812,144,True,True,0,3,-630,3
-1,0,2,1,9930,142,True,True,0,2,-630,2
1,4,3,2,9848,138,True,True,12,7,-630,4
1,4,3,2,10016,126,False,True,12,7,-630,4
1,4,3,3,10068,126,False,True,12,7,-630,4
-1,0,5,1,9687,111,True,True,0,5,-630,5
-1,0,6,2,9720,113,True,True,0,6,-630,6
-1,0,6,3,9750,114,True,True,0,6,-630,6
1,4,3,4,10066,378,True,True,12,7,-630,4
-1,0,6,1,9943,111,True,True,0,6,-630,6
-1,0,6,2,9959,112,True,True,0,6,-630,6
1,4,3,3,9918,113,True,True,12,7,-630,4
1,4,3,2,10145,143,False,True,12,7,-630,4
-1,0,6,1,9707,113,True,True,0,6,-630,6
1,4,3,4,10273,174,True,True,12,7,-630,4
1,4,3,3,10231,172,False,True,12,7,-630,4
1,4,3,4,10347,315,True,True,12,7,-630,4
1,4,3,8,10043,183,True,True,12,7,-630,4
1,4,3,10,10125,218,False,True,12,7,-630,4
1,4,3,4,9672,147,True,True,12,7,-630,4
1,4,3,6,10125,144,False,True,12,7,-630,4
1,4,3,8,9763,143,True,True,12,7,-630,4
1,4,3,4,10114,275,False,True,12,7,-630,4
-1,0,5,5,9833,127,True,True,0,5,-630,5
-1,0,6,7,9872,137,True,True,0,6,-630,6
1,4,3,8,10068,275,False,True,12,7,-630,4
1,4,3,1,9387,112,True,True,12,7,-630,4
1,4,3,4,10251,227,False,True,12,7,-630,4
-1,0,5,1,10065,111,True,True,0,5,-630,5
-1,0,4,2,10035,115,True,True,0,4,-630,4
-1,0,4,3,10032,116,True,True,0,4,-630,4
-1,0,4,2,9855,116,True,True,0,4,-630,4
1,4,3,4,9964,181,True,True,12,7,-630,4
-1,0,7,1,9882,112,True,True,0,7,-630,7
1,4,3,3,10110,151,False,True,12,7,-630,4
1,4,3,7,10324,164,False,True,12,7,-630,4
1,4,3,4,10227,155,False,True,12,7,-630,4
-1,0,4,2,10037,143,True,True,0,4,-630,4
1,4,3,5,10290,177,False,True,12,7,-630,4
-1,0,2,8,9817,132,True,True,0,2,-630,2
-1,0,3,8,9860,133,True,True,0,3,-630,3
-1,0,4,1,9944,131,True,True,0,4,-630,4
-1,0,6,2,9943,133,True,True,0,6,-630,6
1,4,3,3,9914,135,False,True,12,7,-630,4
1,4,3,8,10354,172,True,True,12,7,-630,4
-1,0,2,1,10181,112,True,True,0,2,-630,2
1,4,3,1,10013,113,True,True,12,7,-630,4
1,4,3,2,10285,152,True,True,12,7,-630,4
-1,0,2,5,9837,135,True,True,0,2,-630,2
-1,0,5,6,9800,137,True,True,0,5,-630,5
-1,0,1,2,10369,167,True,True,0,1,-630,1
1,4,3,7,10035,181,True,True,12,7,-630,4
-1,0,2,1,9877,112,True,True,0,2,-630,2
-1,0,4,2,9820,113,True,True,0,4,-630,4
-1,0,1,4,10222,132,True,True,0,1,-630,1
-1,0,6,6,10034,132,True,True,0,6,-630,6
-1,0,3,7,10010,133,True,True,0,3,-630,3
1,4,3,2,10138,155,True,True,12,7,-630,4
1,4,3,4,10414,265,True,True,12,7,-630,4
1,4,3,5,9994,246,False,True,12,7,-630,4
1,4,3,9,10435,412,True,True,12,7,-630,4
-1,0,5,1,10056,125,True,True,0,5,-630,5
1,4,3,1,10209,414,True,True,12,7,-630,4
1,4,3,5,9865,211,False,True,12,7,-630,4
1,4,3,8,9892,211,False,True,12,7,-630,4
1,4,3,5,10232,267,False,True,12,7,-630,4
1,4,3,1,10165,121,True,True,12,7,-630,4
1,4,3,9,10179,374,False,True,12,7,-630,4
1,4,3,9,10237,374,False,True,12,7,-630,4
1,4,3,14,10204,274,False,True,12,7,-630,4
1,4,3,2,10196,132,True,True,12,7,-630,4
1,4,3,5,10394,142,False,True,12,7,-630,4
-1,0,4,2,9604,115,True,True,0,4,-630,4
-1,0,5,8,9975,134,True,True,0,5,-630,5
-1,0,4,9,9962,135,True,True,0,4,-630,4
-1,0,3,11,9776,122,True,True,0,3,-630,3
1,4,3,2,10015,113,True,True,12,7,-630,4
1,4,3,2,9930,127,False,True,12,7,-630,4
1,4,3,6,10006,154,True,True,12,7,-630,4
1,4,3,4,9918,273,True,True,12,7,-630,4
1,4,3,4,9919,273,True,True,12,7,-630,4
1,4,3,5,9918,273,True,True,12,7,-630,4
1,4,3,5,9919,273,True,True,12,7,-630,4
-1,0,2,1,9729,112,True,True,0,2,-630,2
-1,0,2,5,9774,132,True,True,0,2,-630,2
1,4,3,1,10115,112,True,True,12,7,-630,4
1,4,3,4,10296,215,True,True,12,7,-630,4
-1,0,5,4,10015,114,True,True,0,5,-630,5
1,4,3,4,9806,154,True,True,12,7,-630,4
1,4,3,5,10355,514,True,True,12,7,-630,4
1,4,3,6,10399,522,False,True,12,7,-630,4
-1,0,2,8,10363,141,True,True,0,2,-630,2
-1,0,5,1,10271,114,True,True,0,5,-630,5
1,4,3,2,10243,118,True,True,12,7,-630,4
1,4,3,3,10392,133,True,True,12,7,-630,4
1,4,3,2,10185,138,False,True,12,7,-630,4
-1,0,4,1,9852,111,True,True,0,4,-630,4
-1,0,4,6,9973,121,True,True,0,4,-630,4
-1,0,3,8,10070,131,True,True,0,3,-630,3
1,4,3,10,10209,147,False,True,12,7,-630,4
-1,0,2,5,9974,154,True,True,0,2,-630,2
-1,0,4,3,9643,155,True,True,0,4,-630,4
-1,0,3,5,9692,165,True,True,0,3,-630,3
1,4,3,6,10389,173,False,True,12,7,-630,4
1,4,3,4,10054,152,False,True,12,7,-630,4
-1,0,3,3,10100,142,True,True,0,3,-630,3
-1,0,3,4,10029,212,True,True,0,3,-630,3
-1,0,5,1,9735,111,True,True,0,5,-630,5
-1,0,7,3,9890,121,True,True,0,7,-630,7
-1,0,5,9,9934,131,True,True,0,5,-630,5
1,4,3,6,10304,273,True,True,12,7,-630,4
1,4,3,5,10323,242,True,True,12,7,-630,4
1,4,3,5,10323,242,True,True,12,7,-630,4
-1,0,7,1,9527,112,True,True,0,7,-630,7
-1,0,3,3,9674,121,True,True,0,3,-630,3
-1,0,6,4,9683,122,True,True,0,6,-630,6
-1,0,6,5,9683,125,True,True,0,6,-630,6
1,4,3,6,9643,126,True,True,12,7,-630,4
1,4,3,5,9857,146,False,True,12,7,-630,4
1,4,3,1,10280,111,True,True,12,7,-630,4
-1,0,2,3,9866,137,True,True,0,2,-630,2
-1,0,3,8,10296,144,True,True,0,3,-630,3
1,4,3,4,9701,128,True,True,12,7,-630,4
1,4,3,6,9905,157,False,True,12,7,-630,4
1,4,3,9,10089,157,False,True,12,7,-630,4
-1,0,3,1,9641,121,True,True,0,3,-630,3
1,4,3,2,10213,371,False,True,12,7,-630,4
-1,0,2,3,9647,183,True,True,0,2,-630,2
1,4,3,4,9914,371,False,True,12,7,-630,4
-1,0,3,3,10012,123,True,True,0,3,-630,3
1,4,3,2,9963,224,False,True,12,7,-630,4
1,4,3,2,9974,224,False,True,12,7,-630,4
1,4,3,2,10159,156,True,True,12,7,-630,4
1,4,3,3,10260,212,False,True,12,7,-630,4
1,4,3,4,10329,247,True,True,12,7,-630,4
1,4,3,4,10138,211,True,True,12,7,-630,4
1,4,3,5,10247,242,True,True,12,7,-630,4
1,4,3,8,10367,354,False,True,12,7,-630,4
1,4,3,3,10197,217,False,True,12,7,-630,4
1,4,3,7,10341,132,True,True,12,7,-630,4
1,4,3,6,9949,154,False,True,12,7,-630,4
-1,0,5,9,9719,151,True,True,0,5,-630,5
-1,0,5,10,9661,151,True,True,0,5,-630,5
1,4,3,13,10386,183,False,True,12,7,-630,4
-1,0,3,6,9998,157,True,True,0,3,-630,3
1,4,3,12,9453,116,True,True,12,7,-630,4
-1,0,4,1,9450,121,True,True,0,4,-630,4
1,4,3,8,10077,157,True,True,12,7,-630,4
1,4,3,11,10036,157,True,True,12,7,-630,4
-1,0,3,10,9986,226,True,True,0,3,-630,3
1,4,3,2,10123,178,True,True,12,7,-630,4
1,4,3,5,9959,173,True,True,12,7,-630,4
1,4,3,5,9833,173,True,True,12,7,-630,4
-1,0,6,2,10005,412,True,True,0,6,-630,6
-1,0,6,3,10005,412,True,True,0,6,-630,6
1,4,3,10,10151,141,True,True,12,7,-630,4
1,4,3,11,10243,273,False,True,12,7,-630,4
1,4,3,11,10183,141,True,True,12,7,-630,4
1,4,3,11,10330,273,False,True,12,7,-630,4
1,4,3,11,10151,141,True,True,12,7,-630,4
-1,0,8,1,9542,135,True,True,0,8,-630,8
1,4,3,3,9875,152,False,True,12,7,-630,4
1,4,3,3,9775,173,True,True,12,7,-630,4
1,4,3,9,9753,173,True,True,12,7,-630,4
1,4,3,15,10060,173,True,True,12,7,-630,4
1,4,3,3,10246,325,True,True,12,7,-630,4
-1,0,3,3,9819,154,True,True,0,3,-630,3
1,4,3,3,9892,116,True,True,12,7,-630,4
1,4,3,5,10099,123,False,True,12,7,-630,4
-1,0,4,5,10280,131,True,True,0,4,-630,4
1,4,3,3,9814,127,True,True,12,7,-630,4
-1,0,1,1,9725,111,True,True,0,1,-630,1
1,4,3,4,10169,153,False,True,12,7,-630,4
-1,0,8,3,9723,121,True,True,0,8,-630,8
-1,0,5,4,9726,125,True,True,0,5,-630,5
-1,0,7,7,9967,121,True,True,0,7,-630,7
-1,0,3,8,9967,123,False,True,0,3,-630,3
-1,0,5,9,9699,121,True,True,0,5,-630,5
1,4,3,11,10269,211,True,True,12,7,-630,4
1,4,3,12,10339,211,True,True,12,7,-630,4
-1,0,6,1,9443,111,True,True,0,6,-630,6
-1,0,6,3,9638,121,True,True,0,6,-630,6
-1,0,7,6,9551,121,True,True,0,7,-630,7
1,4,3,2,10224,141,True,True,12,7,-630,4
1,4,3,3,10224,141,True,True,12,7,-630,4
1,4,3,3,9917,121,False,True,12,7,-630,4
-1,0,4,2,9965,152,True,True,0,4,-630,4
-1,0,4,1,10007,111,True,True,0,4,-630,4
1,4,3,15,10192,145,False,True,12,7,-630,4
-1,0,7,3,9575,121,True,True,0,7,-630,7
-1,0,5,4,9582,125,True,True,0,5,-630,5
-1,0,5,7,9854,121,True,True,0,5,-630,5
-1,0,5,8,9867,124,True,True,0,5,-630,5
-1,0,3,2,9839,156,True,True,0,3,-630,3
1,4,3,5,10424,277,True,True,12,7,-630,4
-1,0,4,1,9822,111,True,True,0,4,-630,4
1,4,3,3,9800,115,False,True,12,7,-630,4
-1,0,5,3,10125,134,True,True,0,5,-630,5
1,4,3,4,10109,135,False,True,12,7,-630,4
-1,0,3,3,10405,162,True,True,0,3,-630,3
-1,0,2,2,9921,134,True,True,0,2,-630,2
-1,0,3,1,9720,111,True,True,0,3,-630,3
1,4,3,5,10206,211,True,True,12,7,-630,4
-1,0,6,1,10004,111,True,True,0,6,-630,6
1,4,3,4,10394,317,True,True,12,7,-630,4
1,4,3,3,9903,134,False,True,12,7,-630,4
1,4,3,1,9899,213,False,True,12,7,-630,4
1,4,3,3,10426,345,True,True,12,7,-630,4
1,4,3,5,10401,315,False,True,12,7,-630,4
1,4,3,6,10430,574,True,True,12,7,-630,4
1,4,3,6,10407,315,False,True,12,7,-630,4
1,4,3,6,10436,574,True,True,12,7,-630,4
-1,0,5,5,9637,141,True,True,0,5,-630,5
1,4,3,6,9598,148,True,True,12,7,-630,4
-1,0,5,7,9697,151,True,True,0,5,-630,5
1,4,3,10,10149,323,False,True,12,7,-630,4
-1,0,5,11,9773,151,True,True,0,5,-630,5
1,4,3,4,9925,172,True,True,12,7,-630,4
-1,0,5,1,9402,112,True,True,0,5,-630,5
-1,0,7,3,9527,121,True,True,0,7,-630,7
-1,0,7,7,9553,121,True,True,0,7,-630,7
1,4,3,8,10472,177,True,True,12,7,-630,4
1,4,3,4,10397,171,False,True,12,7,-630,4
1,4,3,10,10102,164,False,True,12,7,-630,4
1,4,3,11,10353,214,False,True,12,7,-630,4
1,4,3,11,10353,214,False,True,12,7,-630,4
-1,0,4,1,9690,142,True,True,0,4,-630,4
-1,0,4,5,10074,137,True,True,0,4,-630,4
1,4,3,10,10105,141,True,True,12,7,-630,4
-1,0,5,3,10064,118,True,True,0,5,-630,5
1,4,3,3,10037,174,False,True,12,7,-630,4
1,4,3,5,10158,127,True,True,12,7,-630,4
1,4,3,2,9501,135,False,True,12,7,-630,4
1,4,3,5,10201,347,True,True,12,7,-630,4
1,4,3,2,10365,128,False,True,12,7,-630,4
1,4,3,2,10124,121,False,True,12,7,-630,4
1,4,3,4,10250,213,True,True,12,7,-630,4
1,4,3,6,9749,126,True,True,12,7,-630,4
1,4,3,7,9774,135,True,True,12,7,-630,4
1,4,3,5,10053,151,False,True,12,7,-630,4
1,4,3,4,10300,243,True,True,12,7,-630,4
1,4,3,3,10424,181,True,True,12,7,-630,4
1,4,3,8,9872,152,True,True,12,7,-630,4
1,4,3,8,9882,152,True,True,12,7,-630,4
1,4,3,7,10186,313,True,True,12,7,-630,4
1,4,3,7,10187,313,True,True,12,7,-630,4
1,4,3,5,10398,182,False,True,12,7,-630,4
1,4,3,5,10303,344,True,True,12,7,-630,4
1,4,3,6,10382,416,True,True,12,7,-630,4
1,4,3,8,10078,343,False,True,12,7,-630,4
1,4,3,8,10115,343,False,True,12,7,-630,4
1,4,3,4,10208,244,True,True,12,7,-630,4
-1,0,6,10,10053,141,True,True,0,6,-630,6
1,4,3,12,10081,181,False,True,12,7,-630,4
1,4,3,3,10013,274,False,True,12,7,-630,4
-1,0,4,5,10105,132,True,True,0,4,-630,4
-1,0,5,1,9631,112,True,True,0,5,-630,5
-1,0,5,4,9725,122,True,True,0,5,-630,5
1,4,3,7,10334,142,True,True,12,7,-630,4
-1,0,2,7,10143,175,True,True,0,2,-630,2
1,4,3,8,10165,314,False,True,12,7,-630,4
1,4,3,2,9934,128,True,True,12,7,-630,4
1,4,3,6,10095,223,False,True,12,7,-630,4
1,4,3,11,10061,173,True,True,12,7,-630,4
1,4,3,12,10113,181,True,True,12,7,-630,4
1,4,3,13,10151,211,True,True,12,7,-630,4
1,4,3,13,9950,181,True,True,12,7,-630,4
1,4,3,13,10041,211,True,True,12,7,-630,4
1,4,3,8,10428,214,False,True,12,7,-630,4
1,4,3,2,10018,117,True,True,12,7,-630,4
1,4,3,3,10184,242,True,True,12,7,-630,4
1,4,3,7,10362,145,False,True,12,7,-630,4
1,4,3,2,9866,116,True,True,12,7,-630,4
-1,0,2,1,9960,112,True,True,0,2,-630,2
1,4,3,1,9770,117,True,True,12,7,-630,4
1,4,3,5,10425,152,False,True,12,7,-630,4
1,4,3,7,10020,281,False,True,12,7,-630,4
1,4,3,7,10018,281,False,True,12,7,-630,4
1,4,3,9,10266,157,False,True,12,7,-630,4
1,4,3,10,10206,156,True,True,12,7,-630,4
1,4,3,11,10400,412,True,True,12,7,-630,4
1,4,3,3,10126,122,True,True,12,7,-630,4
1,4,3,2,10230,132,False,True,12,7,-630,4
1,4,3,4,10137,217,False,True,12,7,-630,4
1,4,3,7,10132,226,True,True,12,7,-630,4
-1,0,6,8,9583,134,True,True,0,6,-630,6
1,4,3,9,10053,226,True,True,12,7,-630,4
